
DROP PROCEDURE SP_INSERT_UPDATE_CANTEEN_DETAILS;

CREATE PROCEDURE `SP_INSERT_UPDATE_CANTEEN_DETAILS`(IN P_DATA JSON)
BEGIN
		DECLARE V_MODE,V_ENTITY_NAME,V_BATTALION_UNIT,V_ADDRESS,V_REGISTERED_BY,V_REGISTRATION_TIME,V_SWAL_TITLE,V_SWAL_MESSAGE,V_SWAL_TYPE,V_CHAIRMAN_MAIL_ID,V_SUPERVISOR_MAIL_ID,V_EXECUTIVE_MAIL_ID,V_TABLE_NAME,V_AUTHORISED_ENTITY VARCHAR(255);
		DECLARE V_CITY,V_ENTITY_ID,V_ID,V_LAST_UPDATE_RECORD_LOG_ID,V_STATE,V_USER_ID,V_CURRENT_CHAIRMAN,V_CURRENT_SUPERVISOR,V_CURRENT_EXECUTIVE,V_CHAIRMAN,V_SUPERVISOR,V_DISTRIBUTING_ENTITY_TYPE,V_EXECUTIVE,V_OUTLET_TYPE,V_BREWERY_ENTITY_TYPE_ID INT;
		
		DECLARE EXIT HANDLER FOR SQLEXCEPTION
		BEGIN
			ROLLBACK;
			GET DIAGNOSTICS CONDITION 1
			@P1=MESSAGE_TEXT,@P2=RETURNED_SQLSTATE;
			INSERT INTO sp_error_log_data(page_name,sp_name,data_passed,error_message,returne_sql_state)
				VALUES('ADD/EDIT CANTEEN MASTER','SP_INSERT_CANTEEN_DETAILS',P_DATA,@P2,@P1);	
			SET V_SWAL_TITLE='Error!',V_SWAL_MESSAGE='Something Went wrong, Please Contact Ats team',V_SWAL_TYPE='error';                    
			SELECT V_SWAL_TITLE,V_SWAL_MESSAGE,V_SWAL_TYPE,@P1,@P2;
		END;
		
		START TRANSACTION;
			SET V_OUTLET_TYPE=FN_EXTRACT_JSON_DATA(P_DATA,0,'outlet_type');
            SET V_BATTALION_UNIT=FN_EXTRACT_JSON_DATA(P_DATA,0,'battalion_unit');
			SET V_ENTITY_NAME =FN_EXTRACT_JSON_DATA(P_DATA,0,'entity_name');
			SET V_ADDRESS =FN_EXTRACT_JSON_DATA(P_DATA,0,'address');
			SET V_CITY =FN_EXTRACT_JSON_DATA(P_DATA,0,'city');
			SET V_STATE=FN_EXTRACT_JSON_DATA(P_DATA,0,'state');
			SET V_CHAIRMAN=FN_EXTRACT_JSON_DATA(P_DATA,0,'chairman');
			SET V_SUPERVISOR=FN_EXTRACT_JSON_DATA(P_DATA,0,'supervisor');
			SET V_EXECUTIVE=FN_EXTRACT_JSON_DATA(P_DATA,0,'executive');
			SET V_DISTRIBUTING_ENTITY_TYPE=FN_EXTRACT_JSON_DATA(P_DATA,0,'distrubuting_entity_type');
			SET V_AUTHORISED_ENTITY=FN_EXTRACT_JSON_DATA(P_DATA,0,'distributor_authorised_entity');
			SET V_MODE=FN_EXTRACT_JSON_DATA(P_DATA,0,'mode');
			SET V_USER_ID=FN_EXTRACT_JSON_DATA(P_DATA,0,'user_id');
			
			SELECT email INTO V_CHAIRMAN_MAIL_ID FROM ci_admin WHERE admin_id=V_CHAIRMAN;
			SELECT email INTO V_SUPERVISOR_MAIL_ID FROM ci_admin WHERE admin_id=V_SUPERVISOR;
			SELECT email INTO V_EXECUTIVE_MAIL_ID FROM ci_admin WHERE admin_id=V_EXECUTIVE;
            -- select entity_type INTO V_OUTLET_TYPE FROM master_entity_type WHERE id=V_OUTLET_TYPE;

			INSERT INTO log_ci_admin(admin_id,admin_role_id,entity_id,username,firstname,lastname,email,mobile_no,date_of_birth,
            image,password,last_login,is_verify,is_admin,is_active,is_supper,token,password_reset_code,android_uuid,gcm_id,last_ip,
            created_at,updated_at)
			SELECT admin_id,admin_role_id,entity_id,username,firstname,lastname,email,mobile_no,date_of_birth,
            image,password,last_login,is_verify,is_admin,is_active,is_supper,token,password_reset_code,android_uuid,gcm_id,last_ip,
            created_at,(SELECT NOW()) FROM ci_admin WHERE admin_id IN (V_CHAIRMAN,V_SUPERVISOR,V_EXECUTIVE); 
			
			IF(V_MODE='A')THEN
				BEGIN
					IF NOT EXISTS(SELECT id FROM master_entities WHERE entity_name =V_ENTITY_NAME)THEN
						BEGIN
							INSERT INTO master_entities(entity_name,battalion_unit,address,city,state,chairman,supervisor,executive,
							chairman_mailid,supervisor_mailid,executive_mailid,authorised_distributor_entity_type_id,authorised_distributor,
							entity_type,created_by,creation_time)VALUES
							(V_ENTITY_NAME,V_BATTALION_UNIT,V_ADDRESS,V_CITY,V_STATE,V_CHAIRMAN,V_SUPERVISOR,V_EXECUTIVE,
							V_CHAIRMAN_MAIL_ID,V_SUPERVISOR_MAIL_ID,V_EXECUTIVE_MAIL_ID,V_DISTRIBUTING_ENTITY_TYPE,
							V_AUTHORISED_ENTITY,V_OUTLET_TYPE,V_USER_ID,NOW());
							
							SELECT id INTO V_ENTITY_ID FROM master_entities WHERE entity_name=V_ENTITY_NAME;
							SET V_SWAL_TITLE='Registeration Completed';
                            SET V_SWAL_MESSAGE=CONCAT(V_ENTITY_NAME,' has been registered successfully');
                            SET V_SWAL_TYPE="success";
                            
                        END;
					ELSE
						BEGIN
							SELECT CONCAT(ca.firstname,' ',ca.lastname,' - ',username),date_format(me.creation_time,'%d-%m-%Y %H:%i:%s')
                            INTO  V_REGISTERED_BY,V_REGISTRATION_TIME
                            FROM master_entities me
                            INNER JOIN ci_admin ca on ca.admin_id= me.created_by
                            WHERE entity_name = V_ENTITY_NAME;
                            
                            SET V_SWAL_TITLE='Already Registered';
                            SET V_SWAL_MESSAGE=CONCAT(V_ENTITY_NAME,' is already registered by ',V_REGISTERED_BY,' on :',V_REGISTRATION_TIME);
                            SET V_SWAL_TYPE="warning";
                            
                        END;
					END IF;
				END;
			ELSE
				BEGIN
                	SET V_ENTITY_ID=FN_EXTRACT_JSON_DATA(P_DATA,0,'entity_id');
					
					INSERT INTO log_master_entities(entity_id,entity_name,battalion_unit,address,city,state,chairman,supervisor,executive,
					chairman_mailid,supervisor_mailid,executive_mailid,authorised_distributor_entity_type_id,authorised_distributor,isactive)
					SELECT id,entity_name,battalion_unit,address,city,state,chairman,supervisor,executive,
					chairman_mailid,supervisor_mailid,executive_mailid,authorised_distributor_entity_type_id,authorised_distributor,
					isactive FROM master_entities WHERE id=V_ENTITY_ID;
					
					SELECT chairman,supervisor,executive 
					INTO V_CURRENT_CHAIRMAN,V_CURRENT_SUPERVISOR,V_CURRENT_EXECUTIVE 
					FROM master_entities WHERE id =V_ENTITY_ID;
			
					UPDATE ci_admin 
                    SET entity_id=0,admin_role_id=63 
                    WHERE admin_id IN (V_CURRENT_CHAIRMAN,V_CURRENT_SUPERVISOR,V_CURRENT_EXECUTIVE);
            
					UPDATE master_entities 
					SET  entity_name=V_ENTITY_NAME,battalion_unit= V_BATTALION_UNIT, address=V_ADDRESS, city=V_CITY, state=V_STATE,
						 chairman=V_CHAIRMAN, supervisor=V_SUPERVISOR, executive=V_EXECUTIVE, 
						 chairman_mailid=V_CHAIRMAN_MAIL_ID, supervisor_mailid=V_SUPERVISOR_MAIL_ID,
						 executive_mailid=V_EXECUTIVE_MAIL_ID,authorised_distributor_entity_type_id=V_DISTRIBUTING_ENTITY_TYPE,authorised_distributor=V_AUTHORISED_ENTITY,
						 modified_by=V_USER_ID,modification_time=now()  
					WHERE  id=V_ENTITY_ID;
                    
                    SET V_SWAL_TITLE='Details Updated';
					SET V_SWAL_MESSAGE=CONCAT('Details have been updated into the system ',V_ENTITY_NAME);
					SET V_SWAL_TYPE="success";
				END;
			END IF;
            UPDATE ci_admin SET entity_id=V_ENTITY_ID,admin_role_id=64 WHERE admin_id IN (V_CHAIRMAN,V_SUPERVISOR,V_EXECUTIVE);
		COMMIT;
	 SELECT V_SWAL_TITLE,V_SWAL_MESSAGE,V_SWAL_TYPE;
END;

INSERT INTO master_entity_type(entity_type) VALUES
('Brewery'),
('Sub-Depot'),
('Depot'),
('Club'),
('Consumer');

INSERT INTO master_state(id,state) VALUES
(1,'Jammu & Kashmir'),
(2,'Himachal Pradesh'),
(3,'Punjab'),
(4,'Chandigarh'),
(5,'Uttarakhand'),
(6,'Haryana'),
(7,'New Delhi'),
(8,'Rajasthan'),
(9,'Uttar Pradesh'),
(10,'Bihar'),
(11,'Sikkim'),
(12,'Arunachal Pradesh'),
(13,'Nagaland'),
(14,'Manipur'),
(15,'Mizoram'),
(16,'Tripura'),
(17,'Meghalaya'),
(18,'West Bengal'),
(19,'Jharkhand'),
(20,'Odisha'),
(21,'Chhattisgarh'),
(22,'Madhya Pradesh'),
(23,'Gujarat'),
(24,'Daman & Diu'),
(25,'Dadra & Nagar Haveli'),
(26,'Maharashtra'),
(27,'Karnataka'),
(28,'Goa'),
(29,'Union Territory of Lakshadweep'),
(30,'Kerala'),
(31,'Tamil Nadu'),
(32,'Puducherry'),
(33,'Andaman & Nicobar Islands'),
(34,'Telangana'),
(35,'Andhra Pradesh'),
(36,'Assam'),
(37,'Ladakh');

INSERT INTO master_city_district(id,city_district_name,stateid,creation_time,created_by) VALUES
(1,'AGARTAlaa',16,'2022-12-11 15:31:13',229),
(2,'AGRA',9,'2021-10-25 16:26:10',35),
(3,'AHMEDABAD',23,'2021-10-25 16:26:10',35),
(4,'AIZWAL',15,'2021-10-25 16:26:10',35),
(5,'AJMER',8,'2021-10-25 16:26:10',35),
(6,'ALLAHABAD',9,'2021-10-25 16:26:10',35),
(7,'ALLEPPEY',30,'2021-10-25 16:26:10',35),
(8,'ALIBAUG',26,'2021-10-25 16:26:10',35),
(9,'ALMORA',5,'2021-10-25 16:26:10',35),
(10,'ALSISAR',8,'2021-11-23 15:30:48',35),
(11,'ALWAR',8,'2021-10-25 16:26:10',35),
(12,'AMBALA',6,'2021-10-25 16:26:10',35),
(13,'AMLA',22,'2021-10-25 16:26:10',35),
(14,'AMRITSAR',3,'2021-10-25 16:26:10',35),
(15,'ANAND',23,'2021-10-25 16:26:10',35),
(16,'ANKLESHWAR',23,'2021-10-25 16:26:10',35),
(17,'ASHTAMUDI',30,'2021-10-25 16:26:10',35),
(18,'AULI',2,'2021-10-25 16:26:10',35),
(19,'AURANGABAD',26,'2021-10-25 16:26:10',35),
(20,'BADDI',2,'2021-10-25 16:26:10',35),
(21,'BADRINATH',5,'2021-10-25 16:26:10',35),
(22,'BALASINOR',23,'2021-10-25 16:26:10',35),
(23,'BALRAMPUR',9,'2021-10-25 16:26:10',35),
(24,'BAMBORA',8,'2021-10-25 16:26:10',35),
(25,'BANDHAVGARH',22,'2021-10-25 16:26:10',35),
(26,'BANDIPUR',27,'2021-10-25 16:26:10',35),
(27,'BANGALORE',27,'2021-10-25 16:26:10',35),
(28,'BARBIL',20,'2021-10-25 16:26:10',35),
(29,'BAREILLY',9,'2021-10-25 16:26:10',35),
(30,'BEHROR',8,'2021-10-25 16:26:10',35),
(31,'BELGAUM',27,'2021-10-25 16:26:10',35),
(32,'BERHAMPUR',20,'2021-10-25 16:26:10',35),
(33,'BETALGHAT',5,'2021-10-25 16:26:10',35),
(34,'BHARATPUR',8,'2021-10-25 16:26:10',35),
(35,'BHANDARDARA',26,'2021-10-25 16:26:10',35),
(36,'BHARUCH',23,'2021-10-25 16:26:10',35),
(37,'BHAVANGADH',23,'2021-10-25 16:26:10',35),
(38,'BHAVNAGAR',23,'2021-10-25 16:26:10',35),
(39,'BHILAI',21,'2021-10-25 16:26:10',35),
(40,'BHIMTAL',5,'2021-10-25 16:26:10',35),
(41,'BHOPAL',22,'2021-10-25 16:26:10',35),
(42,'BHUBANESHWAR',20,'2021-10-25 16:26:10',35),
(43,'BHUJ',23,'2021-10-25 16:26:10',35),
(44,'BIKANER',8,'2021-10-25 16:26:10',35),
(45,'BINSAR',5,'2021-10-25 16:26:10',35),
(46,'BODHGAYA',10,'2021-10-25 16:26:10',35),
(47,'BUNDI',8,'2021-10-25 16:26:10',35),
(48,'CALICUT',30,'2021-10-25 16:26:10',35),
(49,'CANANNORE',30,'2021-10-25 16:26:10',35),
(50,'CHAIL',2,'2021-10-25 16:26:10',35),
(51,'CHAMBA',5,'2021-10-25 16:26:10',35),
(52,'CHANDIGARH',3,'2021-10-25 16:26:10',35),
(53,'CHENNAI',31,'2021-10-25 16:26:10',35),
(54,'CHIKMAGALUR',27,'2021-10-25 16:26:10',35),
(55,'CHIPLUN',26,'2021-10-25 16:26:10',35),
(56,'CHITRAKOOT',22,'2021-10-25 16:26:10',35),
(57,'CHITTORGARH',8,'2021-10-25 16:26:10',35),
(58,'COIMBATORE',31,'2021-10-25 16:26:10',35),
(59,'COONOOR',31,'2021-10-25 16:26:10',35),
(60,'COORG',27,'2021-10-25 16:26:10',35),
(61,'CORBETT NATIONAL PARK',5,'2021-10-25 16:26:10',35),
(62,'CUTTACK',20,'2021-10-25 16:26:10',35),
(63,'DABHOSA',26,'2021-10-25 16:26:10',35),
(64,'DALHOUSIE',2,'2021-10-25 16:26:10',35),
(65,'DAMAN',25,'2021-10-25 16:26:10',35),
(66,'DANDELI',27,'2021-10-25 16:26:10',35),
(67,'DAPOLI',26,'2021-10-25 16:26:10',35),
(68,'DARJEELING',18,'2021-10-25 16:26:10',35),
(69,'DAUSA',8,'2021-10-25 16:26:10',35),
(70,'DEHRADUN',9,'2021-10-25 16:26:10',35),
(71,'DHARAMSHALA',2,'2021-10-25 16:26:10',35),
(72,'DIBRUGARH',36,'2021-10-25 16:26:10',35),
(73,'DIGHA',18,'2021-10-25 16:26:10',35),
(74,'DIU',25,'2021-10-25 16:26:10',35),
(75,'DIVE AGAR',26,'2021-10-25 16:26:10',35),
(76,'DOOARS',18,'2021-10-25 16:26:10',35),
(77,'DURGAPUR',18,'2021-10-25 16:26:10',35),
(78,'DURSHET',26,'2021-10-25 16:26:10',35),
(79,'DWARKA',23,'2021-10-25 16:26:10',35),
(80,'FARIDABAD',6,'2021-10-25 16:26:10',35),
(81,'FIROZABAD',9,'2021-10-25 16:26:10',35),
(82,'GANGOTRI',5,'2021-10-25 16:26:10',35),
(83,'GANGTOK',11,'2021-10-25 16:26:10',35),
(84,'GANAPATIPULE',26,'2021-10-25 16:26:10',35),
(85,'GANDHIDHAM',23,'2021-10-25 16:26:10',35),
(86,'GANDHINAGAR',23,'2021-10-25 16:26:10',35),
(87,'GARHMUKTESHWAR',9,'2021-10-25 16:26:10',35),
(88,'GARHWAL',5,'2021-10-25 16:26:10',35),
(89,'GAYA',10,'2021-10-25 16:26:10',35),
(90,'GHAZIABAD',7,'2021-10-25 16:26:10',35),
(91,'GOA',28,'2021-10-25 16:26:10',35),
(92,'GOKHARNA',30,'2021-10-25 16:26:10',35),
(93,'GONDAL',23,'2021-10-25 16:26:10',35),
(94,'GORAKHPUR',9,'2021-10-25 16:26:10',35),
(95,'GREATER NOIDA',0,'2021-10-25 16:26:10',35),
(96,'GULMARG',1,'2021-10-25 16:26:10',35),
(97,'GURGAON',6,'2021-10-25 16:26:10',35),
(98,'GURUVAYOOR',30,'2021-10-25 16:26:10',35),
(99,'GUWAHATI',36,'2021-10-25 16:26:10',35),
(100,'GWALIOR',22,'2021-10-25 16:26:10',35),
(101,'HALEBID',27,'2021-10-25 16:26:10',35),
(102,'HAMPI',27,'2021-10-25 16:26:10',35),
(103,'HANSI',6,'2021-10-25 16:26:10',35),
(104,'HARIDWAR',9,'2021-10-25 16:26:10',35),
(105,'HASSAN',27,'2021-10-25 16:26:10',35),
(106,'HOSPET',27,'2021-10-25 16:26:10',35),
(107,'HOSUR',31,'2021-10-25 16:26:10',35),
(108,'HUBLI',27,'2021-10-25 16:26:10',35),
(109,'HYDERABAD',35,'2021-10-25 16:26:10',35),
(110,'IDUKKI',30,'2021-10-25 16:26:10',35),
(111,'IGATPURI',26,'2021-10-25 16:26:10',35),
(112,'IMPHAL',14,'2021-10-25 16:26:10',35),
(113,'INDORE',22,'2021-10-25 16:26:10',35),
(114,'JABALPUR',22,'2021-10-25 16:26:10',35),
(115,'JAIPUR',8,'2021-10-25 16:26:10',35),
(116,'JAISALMER',8,'2021-10-25 16:26:10',35),
(117,'JALANDHAR',3,'2021-10-25 16:26:10',35),
(118,'JALGAON',26,'2021-10-25 16:26:10',35),
(119,'JAMBUGODHA',23,'2021-10-25 16:26:10',35),
(120,'JAMMU',1,'2021-10-25 16:26:10',35),
(121,'JAMNAGAR',23,'2021-10-25 16:26:10',35),
(122,'JAMSHEDPUR',19,'2021-10-25 16:26:10',35),
(123,'JAWHAR',26,'2021-10-25 16:26:10',35),
(124,'JHANSI',9,'2021-10-25 16:26:10',35),
(125,'JODHPUR',8,'2021-10-25 16:26:10',35),
(126,'JOJAWAR',8,'2021-10-25 16:26:10',35),
(127,'JORHAT',36,'2021-10-25 16:26:10',35),
(128,'JUNAGADH',23,'2021-10-25 16:26:10',35),
(129,'KABINI',27,'2021-10-25 16:26:10',35),
(130,'KALIMPONG',18,'2021-10-25 16:26:10',35),
(131,'KANATAL',5,'2021-10-25 16:26:10',35),
(132,'KANCHIPURAM',31,'2021-10-25 16:26:10',35),
(133,'KANHA',22,'2021-10-25 16:26:10',35),
(134,'KANPUR',9,'2021-10-25 16:26:10',35),
(135,'KANYAKUMARI',31,'2021-10-25 16:26:10',35),
(136,'KARGIL',1,'2021-10-25 16:26:10',35),
(137,'KARJAT',26,'2021-10-25 16:26:10',35),
(138,'KARNAL',6,'2021-10-25 16:26:10',35),
(139,'KARUR',31,'2021-10-25 16:26:10',35),
(140,'KARWAR',27,'2021-10-25 16:26:10',35),
(141,'KASARGOD',30,'2021-10-25 16:26:10',35),
(142,'KASAULI',2,'2021-10-25 16:26:10',35),
(143,'KASHIPUR',5,'2021-10-25 16:26:10',35),
(144,'KASHID',26,'2021-10-25 16:26:10',35),
(145,'KATRA',1,'2021-10-25 16:26:10',35),
(146,'KAUSANI',5,'2021-10-25 16:26:10',35),
(147,'KAZA',2,'2021-10-25 16:26:10',35),
(148,'KAZIRANGA',36,'2021-10-25 16:26:10',35),
(149,'KEDARNATH',5,'2021-10-25 16:26:10',35),
(150,'KHAJJIAR',2,'2021-10-25 16:26:10',35),
(151,'KHAJURAHO',22,'2021-10-25 16:26:10',35),
(152,'KHANDALA',26,'2021-10-25 16:26:10',35),
(153,'KHIMSAR',8,'2021-10-25 16:26:10',35),
(154,'KOCHIN',30,'2021-10-25 16:26:10',35),
(155,'KODAIKANAL',31,'2021-10-25 16:26:10',35),
(156,'KOLHAPUR',26,'2021-10-25 16:26:10',35),
(157,'KOLKATA',18,'2021-10-25 16:26:10',35),
(158,'KOLLAM',30,'2021-10-25 16:26:10',35),
(159,'KOTA',8,'2021-10-25 16:26:10',35),
(160,'KOTAGIRI',31,'2021-10-25 16:26:10',35),
(161,'KOTTAYAM',30,'2021-10-25 16:26:10',35),
(162,'KOVALAM',30,'2021-10-25 16:26:10',35),
(163,'KUFRI',2,'2021-10-25 16:26:10',35),
(164,'KUMBALGARH',8,'2021-10-25 16:26:10',35),
(165,'KULLU',2,'2021-10-25 16:26:10',35),
(166,'KUMARAKOM',30,'2021-10-25 16:26:10',35),
(167,'KUMBAKONAM',31,'2021-10-25 16:26:10',35),
(168,'KUMILY',30,'2021-10-25 16:26:10',35),
(169,'KURSEONG',18,'2021-10-25 16:26:10',35),
(170,'KUSHINAGAR',9,'2021-10-25 16:26:10',35),
(171,'LACHUNG',11,'2021-10-25 16:26:10',35),
(172,'LEH',1,'2021-10-25 16:26:10',35),
(173,'LAKSHADWEEP',29,'2021-10-25 16:26:10',35),
(174,'LONAVALA',26,'2021-10-25 16:26:10',35),
(175,'LOTHAL',23,'2021-10-25 16:26:10',35),
(176,'LUCKNOW',9,'2021-10-25 16:26:10',35),
(177,'LUDHIANA',3,'2021-10-25 16:26:10',35),
(178,'LUMBINI',0,'2021-10-25 16:26:10',35),
(179,'MADURAI',31,'2021-10-25 16:26:10',35),
(180,'MAHABALESHWAR',26,'2021-10-25 16:26:10',35),
(181,'MAHABALIPURAM',31,'2021-10-25 16:26:10',35),
(182,'MALAPPURAM',30,'2021-10-25 16:26:10',35),
(183,'MALPE',27,'2021-10-25 16:26:10',35),
(184,'MALSHEJ GHAT',26,'2021-10-25 16:26:10',35),
(185,'MALVAN',26,'2021-10-25 16:26:10',35),
(186,'MANALI',2,'2021-10-25 16:26:10',35),
(187,'MANDAVI',23,'2021-10-25 16:26:10',35),
(188,'MANDAWA',8,'2021-10-25 16:26:10',35),
(189,'MANESAR',6,'2021-10-25 16:26:10',35),
(190,'MARARRI',30,'2021-10-25 16:26:10',35),
(191,'MANDORMONI',18,'2021-10-25 16:26:10',35),
(192,'MANGALORE',27,'2021-10-25 16:26:10',35),
(193,'MANMAD',26,'2021-10-25 16:26:10',35),
(194,'MARCHULA',5,'2021-10-25 16:26:10',35),
(195,'MATHERAN',26,'2021-10-25 16:26:10',35),
(196,'MATHURA',9,'2021-10-25 16:26:10',35),
(197,'MCLEODGANJ',2,'2021-10-25 16:26:10',35),
(198,'MOHALI',3,'2021-10-25 16:26:10',35),
(199,'MOUNT ABU',8,'2021-10-25 16:26:10',35),
(200,'MORADABAD',9,'2021-10-25 16:26:10',35),
(201,'MORBI',23,'2021-10-25 16:26:10',35),
(202,'MUKTESHWAR',5,'2021-10-25 16:26:10',35),
(203,'MUMBAI',26,'2021-10-25 16:26:10',35),
(204,'MUNDRA',26,'2021-10-25 16:26:10',35),
(205,'MUNNAR',30,'2021-10-25 16:26:10',35),
(206,'MURUD JANJIRA',26,'2021-10-25 16:26:10',35),
(207,'MUSSOORIE',5,'2021-10-25 16:26:10',35),
(208,'MYSORE',27,'2021-10-25 16:26:10',35),
(209,'NADUKANI',30,'2021-10-25 16:26:10',35),
(210,'NAGAPATTINAM',31,'2021-10-25 16:26:10',35),
(211,'NAGARHOLE',27,'2021-10-25 16:26:10',35),
(212,'NAGAUR FORT',8,'2021-10-25 16:26:10',35),
(213,'NAGOTHANE',26,'2021-10-25 16:26:10',35),
(214,'NAGPUR',26,'2021-10-25 16:26:10',35),
(215,'NAHAN',2,'2021-10-25 16:26:10',35),
(216,'NAINITAL',9,'2021-10-25 16:26:10',35),
(217,'NALDHERA',2,'2021-10-25 16:26:10',35),
(218,'NANDED',26,'2021-10-25 16:26:10',35),
(219,'NAPNE',26,'2021-10-25 16:26:10',35),
(220,'NASIK',26,'2021-10-25 16:26:10',35),
(221,'NAVI MUMBAI',26,'2021-10-25 16:26:10',35),
(222,'NERAL',26,'2021-10-25 16:26:10',35),
(223,'NEW DELHI',7,'2021-10-25 16:26:10',35),
(224,'NILGIRI',31,'2021-10-25 16:26:10',35),
(225,'NOIDA',9,'2021-10-25 16:26:10',35),
(226,'OOTY',31,'2021-10-25 16:26:10',35),
(227,'ORCHHA',22,'2021-10-25 16:26:10',35),
(228,'OSIAN',8,'2021-10-25 16:26:10',35),
(229,'PACHMARHI',22,'2021-10-25 16:26:10',35),
(230,'PALAMPUR',2,'2021-10-25 16:26:10',35),
(231,'PALANPUR',23,'2021-10-25 16:26:10',35),
(232,'PALI',8,'2021-10-25 16:26:10',35),
(233,'PAHALGAM',1,'2021-10-25 16:26:10',35),
(234,'PALITANA',23,'2021-10-25 16:26:10',35),
(235,'PALLAKAD',30,'2021-10-25 16:26:10',35),
(236,'PANCHGANI',26,'2021-10-25 16:26:10',35),
(237,'PANCHKULA',6,'2021-10-25 16:26:10',35),
(238,'PANNA',22,'2021-10-25 16:26:10',35),
(239,'PANHALA',26,'2021-10-25 16:26:10',35),
(240,'PANVEL',26,'2021-10-25 16:26:10',35),
(241,'PANTNAGAR',5,'2021-10-25 16:26:10',35),
(242,'PARWANOO',2,'2021-10-25 16:26:10',35),
(243,'PATIALA',3,'2021-10-25 16:26:10',35),
(244,'PATHANKOT',1,'2021-10-25 16:26:10',35),
(245,'PATNA',10,'2021-10-25 16:26:10',35),
(246,'PATNITOP',1,'2021-10-25 16:26:10',35),
(247,'PELLING',11,'2021-10-25 16:26:10',35),
(248,'PENCH',22,'2021-10-25 16:26:10',35),
(249,'PHAGWARA',3,'2021-10-25 16:26:10',35),
(250,'PHALODI',8,'2021-10-25 16:26:10',35),
(251,'Saboli',6,'2023-01-23 11:38:15',785),
(252,'PONDICHERRY',31,'2021-10-25 16:26:10',35),
(253,'POOVAR',30,'2021-10-25 16:26:10',35),
(254,'PORBANDAR',23,'2021-10-25 16:26:10',35),
(255,'PORT BLAIR',33,'2021-10-25 16:26:10',35),
(256,'POSHINA',23,'2021-10-25 16:26:10',35),
(257,'PRAGPUR',2,'2021-10-25 16:26:10',35),
(258,'PUNE',26,'2021-10-25 16:26:10',35),
(259,'PURI',20,'2021-10-25 16:26:10',35),
(260,'PUSKHAR',8,'2021-10-25 16:26:10',35),
(261,'PUTTAPARTHI',35,'2021-10-25 16:26:10',35),
(262,'RAI BAREILLY',9,'2021-10-25 16:26:10',35),
(263,'RAICHAK',18,'2021-10-25 16:26:10',35),
(264,'RAIPUR',21,'2021-10-25 16:26:10',35),
(265,'RAJASTHAN',8,'2021-10-25 16:26:10',35),
(266,'RAJGIR',10,'2021-10-25 16:26:10',35),
(267,'RAJKOT',23,'2021-10-25 16:26:10',35),
(268,'RAJPIPLA',23,'2021-10-25 16:26:10',35),
(269,'RAJSAMAND',8,'2021-10-25 16:26:10',35),
(270,'RAJAHMUNDRY',35,'2021-10-25 16:26:10',35),
(271,'RAMESHWARAM',31,'2021-10-25 16:26:10',35),
(272,'RAM NAGAR',9,'2021-10-25 16:26:10',35),
(273,'RAMGARH',8,'2021-10-25 16:26:10',35),
(274,'RANAKPUR',8,'2021-10-25 16:26:10',35),
(275,'RANCHI',19,'2021-10-25 16:26:10',35),
(276,'RANIKHET',5,'2021-10-25 16:26:10',35),
(277,'RANNY',30,'2021-10-25 16:26:10',35),
(278,'RANTHAMBORE',8,'2021-10-25 16:26:10',35),
(279,'RATNAGIRI',26,'2021-10-25 16:26:10',35),
(280,'RAVANGLA',11,'2021-10-25 16:26:10',35),
(281,'RISHIKESH',9,'2021-10-25 16:26:10',35),
(282,'RISHYAP',18,'2021-10-25 16:26:10',35),
(283,'ROHETGARH',8,'2021-10-25 16:26:10',35),
(284,'ROURKELA',20,'2021-10-25 16:26:10',35),
(285,'SAJAN',26,'2021-10-25 16:26:10',35),
(286,'SALEM',31,'2021-10-25 16:26:10',35),
(287,'SAPUTARA',23,'2021-10-25 16:26:10',35),
(288,'SASAN GIR',23,'2021-10-25 16:26:10',35),
(289,'SATTAL',5,'2021-10-25 16:26:10',35),
(290,'SAWAI MADHOPUR',8,'2021-10-25 16:26:10',35),
(291,'SAWANTWADI',26,'2021-10-25 16:26:10',35),
(292,'SECUNDERABAD',35,'2021-10-25 16:26:10',35),
(293,'SHILLONG',17,'2021-10-25 16:26:10',35),
(294,'SHIMLA',2,'2021-10-25 16:26:10',35),
(295,'SHIMLIPAL',20,'2021-10-25 16:26:10',35),
(296,'SHIRDI',26,'2021-10-25 16:26:10',35),
(297,'SHARAVANBELGOLA',27,'2021-10-25 16:26:10',35),
(298,'SHIVANASAMUDRA',27,'2021-10-25 16:26:10',35),
(299,'SIANA',8,'2021-10-25 16:26:10',35),
(300,'SILIGURI',18,'2021-10-25 16:26:10',35),
(301,'SILVASSA',25,'2021-10-25 16:26:10',35),
(302,'SIVAGANGA DISTRICT',31,'2021-10-25 16:26:10',35),
(303,'SOLAN',2,'2021-10-25 16:26:10',35),
(304,'SONAULI',9,'2021-10-25 16:26:10',35),
(305,'SRINAGAR',1,'2021-10-25 16:26:10',35),
(306,'SUNDERBAN',18,'2021-10-25 16:26:10',35),
(307,'SURAT',23,'2021-10-25 16:26:10',35),
(308,'TANJORE',31,'2021-10-25 16:26:10',35),
(309,'TAPOLA',26,'2021-10-25 16:26:10',35),
(310,'TARAPITH',18,'2021-10-25 16:26:10',35),
(311,'THANE',26,'2021-10-25 16:26:10',35),
(312,'THEKKADY',30,'2021-10-25 16:26:10',35),
(313,'THIRVANNAMALAI',31,'2021-10-25 16:26:10',35),
(314,'THIRUVANANTHAPURAM',30,'2021-10-25 16:26:10',35),
(315,'TIRUCHIRAPALLI',31,'2021-10-25 16:26:10',35),
(316,'TIRUPUR',31,'2021-10-25 16:26:10',35),
(317,'TIRUPATI',35,'2021-10-25 16:26:10',35),
(318,'THRISSUR',30,'2021-10-25 16:26:10',35),
(319,'UDAIPUR',8,'2021-10-25 16:26:10',35),
(320,'UDHAMPUR',1,'2021-10-25 16:26:10',35),
(321,'UDUPI',27,'2021-10-25 16:26:10',35),
(322,'UJJAIN',22,'2021-10-25 16:26:10',35),
(323,'UTTARKASHI',5,'2021-10-25 16:26:10',35),
(324,'VADODARA',23,'2021-10-25 16:26:10',35),
(325,'VAGAMON',30,'2021-10-25 16:26:10',35),
(326,'VARKALA',30,'2021-10-25 16:26:10',35),
(327,'VAPI',23,'2021-10-25 16:26:10',35),
(328,'VARANASI',9,'2021-10-25 16:26:10',35),
(329,'VELANKANNI',31,'2021-10-25 16:26:10',35),
(330,'VELLORE',31,'2021-10-25 16:26:10',35),
(331,'VERAVAL',26,'2021-10-25 16:26:10',35),
(332,'VIJAYAWADA',35,'2021-10-25 16:26:10',35),
(333,'VIKRAMGADH',26,'2021-10-25 16:26:10',35),
(334,'VISHAKAPATNAM',35,'2021-10-25 16:26:10',35),
(335,'WAYANAD',30,'2021-10-25 16:26:10',35),
(336,'WANKANER',23,'2021-10-25 16:26:10',35),
(337,'YAMUNOTRI',5,'2021-10-25 16:26:10',35),
(338,'YERCAUD',31,'2021-10-25 16:26:10',35),
(339,'YUKSOM',11,'2021-10-25 16:26:10',35),
(512,'LUDHIANA',3,'2021-10-28 11:52:19',35),
(513,'Bandipur',1,'2021-11-01 00:21:04',197),
(514,'BARAMULLA',1,'2021-11-01 00:22:02',197),
(515,'KUPWARA',1,'2021-11-01 00:24:22',197),
(516,'Jalandhar',4,'2021-11-23 10:15:09',35),
(517,'Lower Dibang Valley',12,'2021-11-23 10:40:39',35),
(518,'Ariankuppam',32,'2021-11-23 10:44:02',35),
(519,'Hyderabad',34,'2021-11-23 10:45:41',35),
(520,'Ariankuppam',32,'2021-11-23 15:17:17',35),
(521,'Kurumbapet',32,'2021-11-23 15:18:12',35),
(531,'Dehradun',5,'2023-01-06 09:50:06',229),
(532,'Joshimath',5,'2023-01-06 09:53:39',229),
(533,'Pithoragarh',5,'2023-01-06 11:18:59',229),
(534,'ladakh',37,'2023-01-09 10:07:20',229),
(535,'BABELI',2,'2023-01-20 12:02:53',785);